group	need	cache_path	asset_path	url	fallback_url	sha1_b32	bytes	licence	note
sankey	required	tools/cache/midi/sankey/772-786.zip		http://www.jsbach.net/midi/sankey/772-786.zip			32246	SANKEY	(Inventions) Last-Modified 1998-01-02
sankey	required	tools/cache/midi/sankey/787-801.zip		http://www.jsbach.net/midi/sankey/787-801.zip			32102	SANKEY	(Sinfonias) Last-Modified 1998-01-04
sankey	required	tools/cache/midi/sankey/846-869.zip		http://www.jsbach.net/midi/sankey/846-869.zip			145153	SANKEY	(WTC I) Last-Modified 1997-10-25
sankey	required	tools/cache/midi/sankey/870-881.zip		http://www.jsbach.net/midi/sankey/870-881.zip			75637	SANKEY	(WTC II 1–12) Last-Modified 1997-10-25
sankey	required	tools/cache/midi/sankey/806-811.zip		http://www.jsbach.net/midi/sankey/806-811.zip			110534	SANKEY	(English Suites) Last-Modified 1997-10-25
sankey	required	tools/cache/midi/sankey/812-817.zip		http://www.jsbach.net/midi/sankey/812-817.zip			59590	SANKEY	(French Suites) Last-Modified 1997-10-25
sankey	required	tools/cache/midi/sankey/825-830.zip		http://www.jsbach.net/midi/sankey/825-830.zip			110497	SANKEY	(Partitas) Last-Modified 2005-09-14
sankey	required	tools/cache/midi/sankey/910-916.zip		http://www.jsbach.net/midi/sankey/910-916.zip			86068	SANKEY	(Toccatas) Last-Modified 2005-09-14
sankey	required	tools/cache/midi/sankey/972-987.zip		http://www.jsbach.net/midi/sankey/972-987.zip			151298	SANKEY	(Concerto transcriptions) Last-Modified 1998-02-03
sankey	required	tools/cache/midi/sankey/bwv988.zip		http://www.jsbach.net/midi/sankey/bwv988.zip			58273	SANKEY	(Goldberg) Last-Modified 2005-09-14
sankey	required	tools/cache/midi/sankey/misc1.zip		http://www.jsbach.net/midi/sankey/misc1.zip			68757	SANKEY	(BWV 963, 965, 966, 967, 989, **992**, 993) Last-Modified 1998-01-02
sankey	required	tools/cache/midi/sankey/misc3.zip		http://www.jsbach.net/midi/sankey/misc3.zip			45305	SANKEY	(BWV 894, 895, 899, 900, 901, **903**) Last-Modified 1998-02-23
sankey	required	tools/cache/midi/sankey/bwv971.mid	app/src/main/assets/midi/sankey/bach/bwv971.mid	http://www.jsbach.net/midi/sankey/bwv971.mid			54302	SANKEY	(Italian Concerto) Last-Modified 1998-02-07
sankey	required	tools/cache/midi/sankey/scarlatti.zip		https://www.johnsankey.ca/data/scarlatti.zip			1434446	SANKEY	(K. 1–555) Last-Modified 2022-08-24 (same size as the 2005 sankey.ws copy)
sankey	required	tools/cache/midi/sankey/SANKEY.txt	app/src/main/assets/licenses/SANKEY.txt	https://www.johnsankey.ca/copyright.html				SANKEY	fetch text verbatim at download time
commons	required	tools/cache/midi/commons/beethoven_op126_bednarek.mid	app/src/main/assets/midi/commons/beethoven_op126_bednarek.mid	https://upload.wikimedia.org/wikipedia/commons/7/7a/Ludwig_van_Beethoven_-_Bagatelles_Op._126.mid			185829	CC0	send descriptive User-Agent
commons	required	tools/cache/midi/commons/mozart_k281_bednarek.mid	app/src/main/assets/midi/commons/mozart_k281_bednarek.mid	https://upload.wikimedia.org/wikipedia/commons/5/5b/W._A._Mozart%2C_Piano_Sonata_No._3%2C_K_281.mid			112952	CC0	send descriptive User-Agent
commons	required	tools/cache/midi/commons/mozart_k265_bednarek.mid	app/src/main/assets/midi/commons/mozart_k265_bednarek.mid	https://upload.wikimedia.org/wikipedia/commons/4/47/K265_%28Ah_vous_dirai-je%2C_Maman%29.mid			44090	PD-self	send descriptive User-Agent
commons	required	tools/cache/midi/commons/beethoven_op33_1_bednarek.mid	app/src/main/assets/midi/commons/beethoven_op33_1_bednarek.mid	https://upload.wikimedia.org/wikipedia/commons/a/a9/Beethoven_Op._33_no._1.mid			9014	PD-self	send descriptive User-Agent
commons	required	tools/cache/midi/commons/beethoven_op33_4_bednarek.mid	app/src/main/assets/midi/commons/beethoven_op33_4_bednarek.mid	https://upload.wikimedia.org/wikipedia/commons/9/9d/Beethoven_Op._33_no._4.mid			8636	PD-self	send descriptive User-Agent
commons	required	tools/cache/midi/commons/cpe_bach_solfeggietto_nieb.mid	app/src/main/assets/midi/commons/cpe_bach_solfeggietto_nieb.mid	https://upload.wikimedia.org/wikipedia/commons/0/00/C_P_E_Bach_Solfeggio.mid			7605	CC BY-SA 3.0 / GFDL	send descriptive User-Agent
commons	required	tools/cache/midi/commons/rameau_tambourin_frantz.mid	app/src/main/assets/midi/commons/rameau_tambourin_frantz.mid	https://upload.wikimedia.org/wikipedia/commons/e/e0/RAMEAU_Tambourin.mid			5524	PD	send descriptive User-Agent
mutopia	required	tools/cache/midi/mutopia/rameau_tendres_plaintes.mid	app/src/main/assets/midi/mutopia/rameau_tendres_plaintes.mid	https://www.mutopiaproject.org/ftp/RameauJP/plaintes/plaintes.mid			6061	PD	
mutopia	required	tools/cache/midi/mutopia/rameau_sauvages.mid	app/src/main/assets/midi/mutopia/rameau_sauvages.mid	https://www.mutopiaproject.org/ftp/RameauJP/sauvages/sauvages.mid			7171	PD	
mutopia	required	tools/cache/midi/mutopia/cpe_bach_rondo_h288.mid	app/src/main/assets/midi/mutopia/cpe_bach_rondo_h288.mid	https://www.mutopiaproject.org/ftp/BachCPE/cpe-bach-rondo/cpe-bach-rondo.mid			15220	PD	
mutopia	required	tools/cache/midi/mutopia/mozart_k397.mid	app/src/main/assets/midi/mutopia/mozart_k397.mid	https://www.mutopiaproject.org/ftp/MozartWA/KV397/Fantasia/Fantasia.mid			13485	PD	
mutopia	required	tools/cache/midi/mutopia/mozart_k457_1.mid	app/src/main/assets/midi/mutopia/mozart_k457_1.mid	https://www.mutopiaproject.org/ftp/MozartWA/KV457/sonata1/sonata1.mid			20899	PD	
mutopia	required	tools/cache/midi/mutopia/mozart_k457_2.mid	app/src/main/assets/midi/mutopia/mozart_k457_2.mid	https://www.mutopiaproject.org/ftp/MozartWA/KV457/sonata2/sonata2.mid			17611	PD	
mutopia	required	tools/cache/midi/mutopia/mozart_k457_3.mid	app/src/main/assets/midi/mutopia/mozart_k457_3.mid	https://www.mutopiaproject.org/ftp/MozartWA/KV457/sonata3/sonata3.mid			21088	PD	
mutopia	required	tools/cache/midi/mutopia/beethoven_op31_2_1.mid	app/src/main/assets/midi/mutopia/beethoven_op31_2_1.mid	https://www.mutopiaproject.org/ftp/BeethovenLv/O31/LVB_Sonate_31no2_1/LVB_Sonate_31no2_1.mid			26263	PD	
mutopia	required	tools/cache/midi/mutopia/beethoven_op31_2_2.mid	app/src/main/assets/midi/mutopia/beethoven_op31_2_2.mid	https://www.mutopiaproject.org/ftp/BeethovenLv/O31/LVB_Sonate_31no2_2/LVB_Sonate_31no2_2.mid			14632	PD	
mutopia	required	tools/cache/midi/mutopia/beethoven_op49_2_1.mid	app/src/main/assets/midi/mutopia/beethoven_op49_2_1.mid	https://www.mutopiaproject.org/ftp/BeethovenLv/O49/LVB_Sonate_49no2_1/LVB_Sonate_49no2_1.mid			14953	PD	
mutopia	required	tools/cache/midi/mutopia/beethoven_op49_2_2.mid	app/src/main/assets/midi/mutopia/beethoven_op49_2_2.mid	https://www.mutopiaproject.org/ftp/BeethovenLv/O49/LVB_Sonate_49no2_2/LVB_Sonate_49no2_2.mid			11560	PD	
mutopia	required	tools/cache/midi/mutopia/beethoven_op111_1.mid	app/src/main/assets/midi/mutopia/beethoven_op111_1.mid	https://www.mutopiaproject.org/ftp/BeethovenLv/O111/lvb_sonate_111_1/lvb_sonate_111_1.mid			47339	PD	
mutopia	required	tools/cache/midi/mutopia/beethoven_op129.mid	app/src/main/assets/midi/mutopia/beethoven_op129.mid	https://www.mutopiaproject.org/ftp/BeethovenLv/O129/beethoven_rondo_op129/beethoven_rondo_op129.mid			46761	PD	
imslp	user-click	tools/cache/midi/imslp/handel_hwv430_gouin.mid	app/src/main/assets/midi/imslp/handel_hwv430_gouin.mid	https://imslp.org/wiki/Special:ImagefromIndex/365752			~20000	CC-BY-SA-4.0	"user must click IMSLP ""I understand""; 0.02 MB / 4:06"
imslp	user-click	tools/cache/midi/imslp/rameau_la_poule_gouin.mid	app/src/main/assets/midi/imslp/rameau_la_poule_gouin.mid	https://imslp.org/wiki/Special:ImagefromIndex/340106			~20000	CC-BY-SA-4.0	"user must click IMSLP ""I understand""; 0.02 MB / 4:33"
madore	conditional	tools/cache/midi/madore/couperin_barricades.mid	app/src/main/assets/midi/madore/couperin_barricades.mid	http://www.madore.org/~david/music/midi/couperin.mid			5803	NONE-STATED	excluded unless David Madore grants CC0
krueger	required	tools/cache/midi/krueger/bach_846.mid	app/src/main/assets/midi/krueger/bach/bach_846.mid	http://www.piano-midi.de/midis/bach/bach_846.mid	https://web.archive.org/web/20051106043322id_/http://www.piano-midi.de/midis/bach/bach_846.mid	O5M3TGSHC4K3UAGV22HXFR5YHVD2EXJJ	11KB	CC-BY-SA-3.0-DE	site duration 3:46
krueger	required	tools/cache/midi/krueger/bach_847.mid	app/src/main/assets/midi/krueger/bach/bach_847.mid	http://www.piano-midi.de/midis/bach/bach_847.mid	https://web.archive.org/web/20051106042842id_/http://www.piano-midi.de/midis/bach/bach_847.mid	UHKM4GXAFTRLVO4REVDVPNRH4VKQF3VG	15KB	CC-BY-SA-3.0-DE	site duration 3:09
krueger	required	tools/cache/midi/krueger/bach_850.mid	app/src/main/assets/midi/krueger/bach/bach_850.mid	http://www.piano-midi.de/midis/bach/bach_850.mid	https://web.archive.org/web/20051106042906id_/http://www.piano-midi.de/midis/bach/bach_850.mid	ALJTLIPWUSBPP5MSUSSQITNYVZKBLXPR	12KB	CC-BY-SA-3.0-DE	site duration 2:53
krueger	required	tools/cache/midi/krueger/beethoven_opus10_1.mid	app/src/main/assets/midi/krueger/beethoven/beethoven_opus10_1.mid	http://www.piano-midi.de/midis/beethoven/beethoven_opus10_1.mid	https://web.archive.org/web/20130508074432id_/http://piano-midi.de/midis/beethoven/beethoven_opus10_1.mid	7LEVCB3IYJSCGQG7DDJJZ2S6Z2N4BLOQ	35KB	CC-BY-SA-3.0-DE	site duration 6:31
krueger	required	tools/cache/midi/krueger/beethoven_opus10_2.mid	app/src/main/assets/midi/krueger/beethoven/beethoven_opus10_2.mid	http://www.piano-midi.de/midis/beethoven/beethoven_opus10_2.mid	https://web.archive.org/web/20130508065628id_/http://piano-midi.de/midis/beethoven/beethoven_opus10_2.mid	R6QCZAICW7LN4STESHUUYO7FYBIIB4Y5	17KB	CC-BY-SA-3.0-DE	site duration 6:32
krueger	required	tools/cache/midi/krueger/beethoven_opus10_3.mid	app/src/main/assets/midi/krueger/beethoven/beethoven_opus10_3.mid	http://www.piano-midi.de/midis/beethoven/beethoven_opus10_3.mid	https://web.archive.org/web/20130508043202id_/http://piano-midi.de/midis/beethoven/beethoven_opus10_3.mid	B72WJX6SUYKEYB456Y3RGFNNSXE5IJZS	28KB	CC-BY-SA-3.0-DE	site duration 3:37
krueger	required	tools/cache/midi/krueger/pathetique_1.mid	app/src/main/assets/midi/krueger/beethoven/pathetique_1.mid	http://www.piano-midi.de/midis/beethoven/pathetique_1.mid	https://web.archive.org/web/20130508073649id_/http://piano-midi.de/midis/beethoven/pathetique_1.mid	WZC4E4PKNNKDCRRX2X3DYE7A4DJLXX6Y	53KB	CC-BY-SA-3.0-DE	site duration 9:22
krueger	required	tools/cache/midi/krueger/pathetique_2.mid	app/src/main/assets/midi/krueger/beethoven/pathetique_2.mid	http://www.piano-midi.de/midis/beethoven/pathetique_2.mid	https://web.archive.org/web/20130508071854id_/http://piano-midi.de/midis/beethoven/pathetique_2.mid	MDLMZFGNP3ALDCC4ZPPIUKPG3FDCUZAD	16KB	CC-BY-SA-3.0-DE	site duration 5:12
krueger	required	tools/cache/midi/krueger/pathetique_3.mid	app/src/main/assets/midi/krueger/beethoven/pathetique_3.mid	http://www.piano-midi.de/midis/beethoven/pathetique_3.mid	https://web.archive.org/web/20130508044358id_/http://piano-midi.de/midis/beethoven/pathetique_3.mid	X2RFPSNNA5XST6URUOYKL4XCQRMUTHZV	28KB	CC-BY-SA-3.0-DE	site duration 4:19
krueger	required	tools/cache/midi/krueger/beethoven_opus22_1.mid	app/src/main/assets/midi/krueger/beethoven/beethoven_opus22_1.mid	http://www.piano-midi.de/midis/beethoven/beethoven_opus22_1.mid	https://web.archive.org/web/20130508105431id_/http://piano-midi.de/midis/beethoven/beethoven_opus22_1.mid	ZXRV3PZOHKSAPTCXMUBHGGNN3EBV3KWD	51KB	CC-BY-SA-3.0-DE	site duration 6:39
krueger	required	tools/cache/midi/krueger/beethoven_opus22_2.mid	app/src/main/assets/midi/krueger/beethoven/beethoven_opus22_2.mid	http://www.piano-midi.de/midis/beethoven/beethoven_opus22_2.mid	https://web.archive.org/web/20130508030027id_/http://piano-midi.de/midis/beethoven/beethoven_opus22_2.mid	4LSGLBNO3N572Q5VMY7R6443ZY2GZJYZ	21KB	CC-BY-SA-3.0-DE	site duration 5:21
krueger	required	tools/cache/midi/krueger/beethoven_opus22_3.mid	app/src/main/assets/midi/krueger/beethoven/beethoven_opus22_3.mid	http://www.piano-midi.de/midis/beethoven/beethoven_opus22_3.mid	https://web.archive.org/web/20130508053758id_/http://piano-midi.de/midis/beethoven/beethoven_opus22_3.mid	2Y6JTWNL7HF4XJFK3O3VUD76RMYJRDPR	19KB	CC-BY-SA-3.0-DE	site duration 3:03
krueger	required	tools/cache/midi/krueger/beethoven_opus22_4.mid	app/src/main/assets/midi/krueger/beethoven/beethoven_opus22_4.mid	http://www.piano-midi.de/midis/beethoven/beethoven_opus22_4.mid	https://web.archive.org/web/20130508052831id_/http://piano-midi.de/midis/beethoven/beethoven_opus22_4.mid	ESY3QSLXATRCJ6KJ6DKTFKOASGWECTJP	30KB	CC-BY-SA-3.0-DE	site duration 4:42
krueger	required	tools/cache/midi/krueger/mond_1.mid	app/src/main/assets/midi/krueger/beethoven/mond_1.mid	http://www.piano-midi.de/midis/beethoven/mond_1.mid	https://web.archive.org/web/20130508075435id_/http://piano-midi.de/midis/beethoven/mond_1.mid	Y25RL32DWPPMF4GQMCP7DNZNZVSLQ3GT	16KB	CC-BY-SA-3.0-DE	site duration 6:02
krueger	required	tools/cache/midi/krueger/mond_2.mid	app/src/main/assets/midi/krueger/beethoven/mond_2.mid	http://www.piano-midi.de/midis/beethoven/mond_2.mid	https://web.archive.org/web/20130508070725id_/http://piano-midi.de/midis/beethoven/mond_2.mid	N5Z7FM4DP3ORT4UXOGQQMOPLIKK47YRE	10KB	CC-BY-SA-3.0-DE	site duration 2:04
krueger	required	tools/cache/midi/krueger/mond_3.mid	app/src/main/assets/midi/krueger/beethoven/mond_3.mid	http://www.piano-midi.de/midis/beethoven/mond_3.mid	https://web.archive.org/web/20130508031644id_/http://piano-midi.de/midis/beethoven/mond_3.mid	DMXTWZCB5E3HEOQBAOHUCA2GHFMUTWVK	52KB	CC-BY-SA-3.0-DE	site duration 6:50
krueger	required	tools/cache/midi/krueger/waldstein_1.mid	app/src/main/assets/midi/krueger/beethoven/waldstein_1.mid	http://www.piano-midi.de/midis/beethoven/waldstein_1.mid	https://web.archive.org/web/20130508110718id_/http://piano-midi.de/midis/beethoven/waldstein_1.mid	ATSPCVPY7O6IBFA52CKLZVSZOE4CQ7TB	80KB	CC-BY-SA-3.0-DE	site duration 10:21
krueger	required	tools/cache/midi/krueger/waldstein_2.mid	app/src/main/assets/midi/krueger/beethoven/waldstein_2.mid	http://www.piano-midi.de/midis/beethoven/waldstein_2.mid	https://web.archive.org/web/20130508022353id_/http://piano-midi.de/midis/beethoven/waldstein_2.mid	V6NIPHYOZVZF7GP366KCFUGPBDUDP57U	6KB	CC-BY-SA-3.0-DE	site duration 4:09
krueger	required	tools/cache/midi/krueger/waldstein_3.mid	app/src/main/assets/midi/krueger/beethoven/waldstein_3.mid	http://www.piano-midi.de/midis/beethoven/waldstein_3.mid	https://web.archive.org/web/20130508052551id_/http://piano-midi.de/midis/beethoven/waldstein_3.mid	EVLQLKB3YJRBMYE63ZBB73VGDRVMEGJG	75KB	CC-BY-SA-3.0-DE	site duration 9:42
krueger	required	tools/cache/midi/krueger/appass_1.mid	app/src/main/assets/midi/krueger/beethoven/appass_1.mid	http://www.piano-midi.de/midis/beethoven/appass_1.mid	https://web.archive.org/web/20130508061514id_/http://piano-midi.de/midis/beethoven/appass_1.mid	3AM2U2MTQVDT6XU4VGB6TIVA5JPJ3QIJ	72KB	CC-BY-SA-3.0-DE	site duration 9:22
krueger	required	tools/cache/midi/krueger/appass_2.mid	app/src/main/assets/midi/krueger/beethoven/appass_2.mid	http://www.piano-midi.de/midis/beethoven/appass_2.mid	https://web.archive.org/web/20130508083008id_/http://piano-midi.de/midis/beethoven/appass_2.mid	5CDCRDGTTM6HEMQIEGI7SCGP6ALBFENT	21KB	CC-BY-SA-3.0-DE	site duration 6:13
krueger	required	tools/cache/midi/krueger/appass_3.mid	app/src/main/assets/midi/krueger/beethoven/appass_3.mid	http://www.piano-midi.de/midis/beethoven/appass_3.mid	https://web.archive.org/web/20130508111722id_/http://piano-midi.de/midis/beethoven/appass_3.mid	7ZN4JRHORRC4GABNKXBIH6JF4BTVBLFV	67KB	CC-BY-SA-3.0-DE	site duration 7:48
krueger	required	tools/cache/midi/krueger/beethoven_les_adieux_1.mid	app/src/main/assets/midi/krueger/beethoven/beethoven_les_adieux_1.mid	http://www.piano-midi.de/midis/beethoven/beethoven_les_adieux_1.mid	https://web.archive.org/web/20130508032400id_/http://piano-midi.de/midis/beethoven/beethoven_les_adieux_1.mid	GZF66UOA6YVUHNROBLTPU4BHLPEKAES3	33KB	CC-BY-SA-3.0-DE	site duration 5:42
krueger	required	tools/cache/midi/krueger/beethoven_les_adieux_2.mid	app/src/main/assets/midi/krueger/beethoven/beethoven_les_adieux_2.mid	http://www.piano-midi.de/midis/beethoven/beethoven_les_adieux_2.mid	https://web.archive.org/web/20130508102458id_/http://piano-midi.de/midis/beethoven/beethoven_les_adieux_2.mid	YE2OGBD7XYZTP776DL5EGHT6GDMDI5T2	10KB	CC-BY-SA-3.0-DE	site duration 2:54
krueger	required	tools/cache/midi/krueger/beethoven_les_adieux_3.mid	app/src/main/assets/midi/krueger/beethoven/beethoven_les_adieux_3.mid	http://www.piano-midi.de/midis/beethoven/beethoven_les_adieux_3.mid	https://web.archive.org/web/20130508075019id_/http://piano-midi.de/midis/beethoven/beethoven_les_adieux_3.mid	V6MTLJEAVZUEV2MVCVQA6QJXFRD5TS4V	45KB	CC-BY-SA-3.0-DE	site duration 5:00
krueger	required	tools/cache/midi/krueger/elise.mid	app/src/main/assets/midi/krueger/beethoven/elise.mid	http://www.piano-midi.de/midis/beethoven/elise.mid	https://web.archive.org/web/20130508080625id_/http://piano-midi.de/midis/beethoven/elise.mid	ZNLHPDGBI4CWLSLRDXR4CQ2BOYOXK4H7	14KB	CC-BY-SA-3.0-DE	site duration 3:48
krueger	required	tools/cache/midi/krueger/beethoven_opus90_1.mid	app/src/main/assets/midi/krueger/beethoven/beethoven_opus90_1.mid	http://www.piano-midi.de/midis/beethoven/beethoven_opus90_1.mid	https://web.archive.org/web/20150905201019id_/http://piano-midi.de/midis/beethoven/beethoven_opus90_1.mid	YYACJ6XP7TJJRMMZ2MPXAUJQ544V2M5N	24KB	CC-BY-SA-3.0-DE	site duration 4:53
krueger	required	tools/cache/midi/krueger/beethoven_opus90_2.mid	app/src/main/assets/midi/krueger/beethoven/beethoven_opus90_2.mid	http://www.piano-midi.de/midis/beethoven/beethoven_opus90_2.mid	https://web.archive.org/web/20160207035109id_/http://piano-midi.de/midis/beethoven/beethoven_opus90_2.mid	W4UQIASGTMHZPD34Y2AVZJYRACOFZFJI	24KB	CC-BY-SA-3.0-DE	site duration 8:14
krueger	required	tools/cache/midi/krueger/beethoven_hammerklavier_1.mid	app/src/main/assets/midi/krueger/beethoven/beethoven_hammerklavier_1.mid	http://www.piano-midi.de/midis/beethoven/beethoven_hammerklavier_1.mid	https://web.archive.org/web/20130508100249id_/http://piano-midi.de/midis/beethoven/beethoven_hammerklavier_1.mid	QK4QBBMFW4SWQETC4NJ5SG2ZBTZPBFXK	73KB	CC-BY-SA-3.0-DE	site duration 9:53
krueger	required	tools/cache/midi/krueger/beethoven_hammerklavier_2.mid	app/src/main/assets/midi/krueger/beethoven/beethoven_hammerklavier_2.mid	http://www.piano-midi.de/midis/beethoven/beethoven_hammerklavier_2.mid	https://web.archive.org/web/20130508051020id_/http://piano-midi.de/midis/beethoven/beethoven_hammerklavier_2.mid	BH2NGHY4MC7A4QSPM3GK4P5RYYZKJOSH	19KB	CC-BY-SA-3.0-DE	site duration 2:15
krueger	required	tools/cache/midi/krueger/beethoven_hammerklavier_3.mid	app/src/main/assets/midi/krueger/beethoven/beethoven_hammerklavier_3.mid	http://www.piano-midi.de/midis/beethoven/beethoven_hammerklavier_3.mid	https://web.archive.org/web/20130508062502id_/http://piano-midi.de/midis/beethoven/beethoven_hammerklavier_3.mid	T37V3HPQTHPUMEB6WX4TND2EY6GLDFPP	45KB	CC-BY-SA-3.0-DE	site duration 12:44
krueger	required	tools/cache/midi/krueger/beethoven_hammerklavier_4.mid	app/src/main/assets/midi/krueger/beethoven/beethoven_hammerklavier_4.mid	http://www.piano-midi.de/midis/beethoven/beethoven_hammerklavier_4.mid	https://web.archive.org/web/20130508064355id_/http://piano-midi.de/midis/beethoven/beethoven_hammerklavier_4.mid	V56TACQCV443NPQFEZHFO6ML7MRVN7NT	80KB	CC-BY-SA-3.0-DE	site duration 10:43
krueger	required	tools/cache/midi/krueger/mz_311_1.mid	app/src/main/assets/midi/krueger/mozart/mz_311_1.mid	http://www.piano-midi.de/midis/mozart/mz_311_1.mid	https://web.archive.org/web/20140518095320id_/http://www.piano-midi.de/midis/mozart/mz_311_1.mid	F54K3B4ABUZY6KFAIYNLRF6GEPY6LCRM	29KB	CC-BY-SA-3.0-DE	site duration 4:19
krueger	required	tools/cache/midi/krueger/mz_311_2.mid	app/src/main/assets/midi/krueger/mozart/mz_311_2.mid	http://www.piano-midi.de/midis/mozart/mz_311_2.mid	https://web.archive.org/web/20140630135947id_/http://piano-midi.de/midis/mozart/mz_311_2.mid	YR3T3SNEKHOVDI456WVEZNKQ4FRQNORH	16KB	CC-BY-SA-3.0-DE	site duration 4:39
krueger	required	tools/cache/midi/krueger/mz_311_3.mid	app/src/main/assets/midi/krueger/mozart/mz_311_3.mid	http://www.piano-midi.de/midis/mozart/mz_311_3.mid	https://web.archive.org/web/20140630084141id_/http://piano-midi.de/midis/mozart/mz_311_3.mid	ALMKLHZQSSOGJVPTV5MHXHIAYA3DIGKZ	35KB	CC-BY-SA-3.0-DE	site duration 6:05
krueger	required	tools/cache/midi/krueger/mz_330_1.mid	app/src/main/assets/midi/krueger/mozart/mz_330_1.mid	http://www.piano-midi.de/midis/mozart/mz_330_1.mid	https://web.archive.org/web/20140630150708id_/http://piano-midi.de/midis/mozart/mz_330_1.mid	QWKAEVNI6P2QQI6GZOSYHISX4GXFIAZM	41KB	CC-BY-SA-3.0-DE	site duration 8:58
krueger	required	tools/cache/midi/krueger/mz_330_2.mid	app/src/main/assets/midi/krueger/mozart/mz_330_2.mid	http://www.piano-midi.de/midis/mozart/mz_330_2.mid	https://web.archive.org/web/20140630182055id_/http://piano-midi.de/midis/mozart/mz_330_2.mid	X723G2MDUT6655QIBRODQUFIJQKZNTVL	18KB	CC-BY-SA-3.0-DE	site duration 6:36
krueger	required	tools/cache/midi/krueger/mz_330_3.mid	app/src/main/assets/midi/krueger/mozart/mz_330_3.mid	http://www.piano-midi.de/midis/mozart/mz_330_3.mid	https://web.archive.org/web/20140630213903id_/http://piano-midi.de/midis/mozart/mz_330_3.mid	35VS3S3SD2D55W7KULKK6VFQSCMPRTM6	39KB	CC-BY-SA-3.0-DE	site duration 8:03
krueger	required	tools/cache/midi/krueger/mz_331_1.mid	app/src/main/assets/midi/krueger/mozart/mz_331_1.mid	http://www.piano-midi.de/midis/mozart/mz_331_1.mid	https://web.archive.org/web/20140630180722id_/http://piano-midi.de/midis/mozart/mz_331_1.mid	AVF25FF6V7KZX3KOS6LWUIK76OUNGPDR	60KB	CC-BY-SA-3.0-DE	site duration 13:52
krueger	required	tools/cache/midi/krueger/mz_331_2.mid	app/src/main/assets/midi/krueger/mozart/mz_331_2.mid	http://www.piano-midi.de/midis/mozart/mz_331_2.mid	https://web.archive.org/web/20140630151555id_/http://piano-midi.de/midis/mozart/mz_331_2.mid	RIKXDQDW3U4ZIBNNYROP5B2RSQFHAAO3	31KB	CC-BY-SA-3.0-DE	site duration 6:05
krueger	required	tools/cache/midi/krueger/mz_331_3.mid	app/src/main/assets/midi/krueger/mozart/mz_331_3.mid	http://www.piano-midi.de/midis/mozart/mz_331_3.mid	https://web.archive.org/web/20130802001702id_/http://www.piano-midi.de/midis/mozart/mz_331_3.mid	FYBRQFUZ5Q6JEHUUZN3CZZA73DTTBV4W	26KB	CC-BY-SA-3.0-DE	site duration 3:10
krueger	required	tools/cache/midi/krueger/mz_332_1.mid	app/src/main/assets/midi/krueger/mozart/mz_332_1.mid	http://www.piano-midi.de/midis/mozart/mz_332_1.mid	https://web.archive.org/web/20140630061445id_/http://piano-midi.de/midis/mozart/mz_332_1.mid	XUU7GCQGO3IVGNKNRBYCUPHR5RYYJH6R	51KB	CC-BY-SA-3.0-DE	site duration 9:31
krueger	required	tools/cache/midi/krueger/mz_332_2.mid	app/src/main/assets/midi/krueger/mozart/mz_332_2.mid	http://www.piano-midi.de/midis/mozart/mz_332_2.mid	https://web.archive.org/web/20140630235839id_/http://piano-midi.de/midis/mozart/mz_332_2.mid	V2UYWL3CIAUJPTQHR3L4LLPPEIPLHT47	15KB	CC-BY-SA-3.0-DE	site duration 4:24
krueger	required	tools/cache/midi/krueger/mz_332_3.mid	app/src/main/assets/midi/krueger/mozart/mz_332_3.mid	http://www.piano-midi.de/midis/mozart/mz_332_3.mid	https://web.archive.org/web/20140630195508id_/http://piano-midi.de/midis/mozart/mz_332_3.mid	XRJZZ5NRLNTVFCWLDNIIU7BIFVNPXNGV	57KB	CC-BY-SA-3.0-DE	site duration 9:50
krueger	required	tools/cache/midi/krueger/mz_333_1.mid	app/src/main/assets/midi/krueger/mozart/mz_333_1.mid	http://www.piano-midi.de/midis/mozart/mz_333_1.mid	https://web.archive.org/web/20140701000254id_/http://piano-midi.de/midis/mozart/mz_333_1.mid	KPMUXOUS6N6IQCDEJMC5NI44ACMMS7ZI	51KB	CC-BY-SA-3.0-DE	site duration 10:30
krueger	required	tools/cache/midi/krueger/mz_333_2.mid	app/src/main/assets/midi/krueger/mozart/mz_333_2.mid	http://www.piano-midi.de/midis/mozart/mz_333_2.mid	https://web.archive.org/web/20140630060056id_/http://piano-midi.de/midis/mozart/mz_333_2.mid	FLK4LGLJR5EFR2TUXHZ4IQSETFDDWDN2	27KB	CC-BY-SA-3.0-DE	site duration 8:43
krueger	required	tools/cache/midi/krueger/mz_333_3.mid	app/src/main/assets/midi/krueger/mozart/mz_333_3.mid	http://www.piano-midi.de/midis/mozart/mz_333_3.mid	https://web.archive.org/web/20140630105727id_/http://piano-midi.de/midis/mozart/mz_333_3.mid	DU35CL5STND3MKNJZH6OAK2SVXZG2YSS	34KB	CC-BY-SA-3.0-DE	site duration 5:48
krueger	required	tools/cache/midi/krueger/mz_545_1.mid	app/src/main/assets/midi/krueger/mozart/mz_545_1.mid	http://www.piano-midi.de/midis/mozart/mz_545_1.mid	https://web.archive.org/web/20131231042921id_/http://www.piano-midi.de/midis/mozart/mz_545_1.mid	SFY2YZU5GGWE4SI5ZK5MFEHUJGKEHFOQ	31KB	CC-BY-SA-3.0-DE	site duration 4:21
krueger	required	tools/cache/midi/krueger/mz_545_2.mid	app/src/main/assets/midi/krueger/mozart/mz_545_2.mid	http://www.piano-midi.de/midis/mozart/mz_545_2.mid	https://web.archive.org/web/20140630203248id_/http://piano-midi.de/midis/mozart/mz_545_2.mid	74JLSGEU5GI3WAQ3YRGMJWSVSJB2EKSM	18KB	CC-BY-SA-3.0-DE	site duration 5:44
krueger	required	tools/cache/midi/krueger/mz_545_3.mid	app/src/main/assets/midi/krueger/mozart/mz_545_3.mid	http://www.piano-midi.de/midis/mozart/mz_545_3.mid	https://web.archive.org/web/20140630233313id_/http://piano-midi.de/midis/mozart/mz_545_3.mid	3T7GQRR3TAWPDR7UNOOUCIGK2PKPS4UW	10KB	CC-BY-SA-3.0-DE	site duration 1:44
krueger	required	tools/cache/midi/krueger/mz_570_1.mid	app/src/main/assets/midi/krueger/mozart/mz_570_1.mid	http://www.piano-midi.de/midis/mozart/mz_570_1.mid	https://web.archive.org/web/20140630144045id_/http://piano-midi.de/midis/mozart/mz_570_1.mid	A74RW346RRDXSKNMSGTWFRCWPWWPE65H	44KB	CC-BY-SA-3.0-DE	site duration 7:56
krueger	required	tools/cache/midi/krueger/mz_570_2.mid	app/src/main/assets/midi/krueger/mozart/mz_570_2.mid	http://www.piano-midi.de/midis/mozart/mz_570_2.mid	https://web.archive.org/web/20140630173009id_/http://piano-midi.de/midis/mozart/mz_570_2.mid	KJLF7GCHMPLLGHKSFHCSJZKOGN626Q5P	22KB	CC-BY-SA-3.0-DE	site duration 7:35
krueger	required	tools/cache/midi/krueger/mz_570_3.mid	app/src/main/assets/midi/krueger/mozart/mz_570_3.mid	http://www.piano-midi.de/midis/mozart/mz_570_3.mid	https://web.archive.org/web/20140630221010id_/http://piano-midi.de/midis/mozart/mz_570_3.mid	WNVT433DHWMURD3TDY3NVLEDPUGU5N6W	21KB	CC-BY-SA-3.0-DE	site duration 3:20
krueger	required	tools/cache/midi/krueger/haydn_7_1.mid	app/src/main/assets/midi/krueger/haydn/haydn_7_1.mid	http://www.piano-midi.de/midis/haydn/haydn_7_1.mid	https://web.archive.org/web/20130430164054id_/http://piano-midi.de/midis/haydn/haydn_7_1.mid	CHDZ2REL5XREI4QIVLUGKEJINQNKUBDE	7KB	CC-BY-SA-3.0-DE	site duration 1:03
krueger	required	tools/cache/midi/krueger/haydn_7_2.mid	app/src/main/assets/midi/krueger/haydn/haydn_7_2.mid	http://www.piano-midi.de/midis/haydn/haydn_7_2.mid	https://web.archive.org/web/20130430221114id_/http://piano-midi.de/midis/haydn/haydn_7_2.mid	WMMDRVLUW7KQ6TN4KCQIYQDLKQLBBNZA	10KB	CC-BY-SA-3.0-DE	site duration 1:03
krueger	required	tools/cache/midi/krueger/haydn_7_3.mid	app/src/main/assets/midi/krueger/haydn/haydn_7_3.mid	http://www.piano-midi.de/midis/haydn/haydn_7_3.mid	https://web.archive.org/web/20130430200435id_/http://piano-midi.de/midis/haydn/haydn_7_3.mid	Q4SEPQKC5PON2IAD5HMSVSE7VDKMF6WO	9KB	CC-BY-SA-3.0-DE	site duration 1:31
krueger	required	tools/cache/midi/krueger/haydn_8_1.mid	app/src/main/assets/midi/krueger/haydn/haydn_8_1.mid	http://www.piano-midi.de/midis/haydn/haydn_8_1.mid	https://web.archive.org/web/20130430171250id_/http://piano-midi.de/midis/haydn/haydn_8_1.mid	Y2OW47P6S63LVDBD3Z6QCPCNX7HOVDEM	12KB	CC-BY-SA-3.0-DE	site duration 2:02
krueger	required	tools/cache/midi/krueger/haydn_8_2.mid	app/src/main/assets/midi/krueger/haydn/haydn_8_2.mid	http://www.piano-midi.de/midis/haydn/haydn_8_2.mid	https://web.archive.org/web/20130430214450id_/http://piano-midi.de/midis/haydn/haydn_8_2.mid	3VU7ZXFQHUPBPBNIDIJEYAOSY3QZTWNS	5KB	CC-BY-SA-3.0-DE	site duration 0:57
krueger	required	tools/cache/midi/krueger/haydn_8_3.mid	app/src/main/assets/midi/krueger/haydn/haydn_8_3.mid	http://www.piano-midi.de/midis/haydn/haydn_8_3.mid	https://web.archive.org/web/20120509093917id_/http://piano-midi.de/midis/haydn/haydn_8_3.mid	ARIN5NPL6CBRCYTIZFXPZXWWL56TJAH2	5KB	CC-BY-SA-3.0-DE	site duration 1:27
krueger	required	tools/cache/midi/krueger/haydn_8_4.mid	app/src/main/assets/midi/krueger/haydn/haydn_8_4.mid	http://www.piano-midi.de/midis/haydn/haydn_8_4.mid	https://web.archive.org/web/20120509093718id_/http://piano-midi.de/midis/haydn/haydn_8_4.mid	3H6OLBDVODAHDLJR6ZUGW2N2IEZZV7X4	5KB	CC-BY-SA-3.0-DE	site duration 0:40
krueger	required	tools/cache/midi/krueger/haydn_9_1.mid	app/src/main/assets/midi/krueger/haydn/haydn_9_1.mid	http://www.piano-midi.de/midis/haydn/haydn_9_1.mid	https://web.archive.org/web/20130430194710id_/http://piano-midi.de/midis/haydn/haydn_9_1.mid	3HMTT37E6SQLIS4Z46LEXVMES7FOH5EL	14KB	CC-BY-SA-3.0-DE	site duration 2:24
krueger	required	tools/cache/midi/krueger/haydn_9_2.mid	app/src/main/assets/midi/krueger/haydn/haydn_9_2.mid	http://www.piano-midi.de/midis/haydn/haydn_9_2.mid	https://web.archive.org/web/20130430185934id_/http://piano-midi.de/midis/haydn/haydn_9_2.mid	7AJXALQ3QBPPF45LJZGEAYPATN24QB4E	14KB	CC-BY-SA-3.0-DE	site duration 2:50
krueger	required	tools/cache/midi/krueger/haydn_9_3.mid	app/src/main/assets/midi/krueger/haydn/haydn_9_3.mid	http://www.piano-midi.de/midis/haydn/haydn_9_3.mid	https://web.archive.org/web/20130430175352id_/http://piano-midi.de/midis/haydn/haydn_9_3.mid	Z54AIIJELXLBWVC5MMF3WSJTVMFRTCKB	6KB	CC-BY-SA-3.0-DE	site duration 0:51
krueger	required	tools/cache/midi/krueger/haydn_33_1.mid	app/src/main/assets/midi/krueger/haydn/haydn_33_1.mid	http://www.piano-midi.de/midis/haydn/haydn_33_1.mid	https://web.archive.org/web/20130430190359id_/http://piano-midi.de/midis/haydn/haydn_33_1.mid	BBY2RL7GJPH55UVVSMPCOBQYYS47PAKH	31KB	CC-BY-SA-3.0-DE	site duration 5:39
krueger	required	tools/cache/midi/krueger/haydn_33_2.mid	app/src/main/assets/midi/krueger/haydn/haydn_33_2.mid	http://www.piano-midi.de/midis/haydn/haydn_33_2.mid	https://web.archive.org/web/20130430193214id_/http://piano-midi.de/midis/haydn/haydn_33_2.mid	YF3VN3EAKXFYO7AJ34TYLGI5Y3EFUKX3	16KB	CC-BY-SA-3.0-DE	site duration 5:18
krueger	required	tools/cache/midi/krueger/haydn_33_3.mid	app/src/main/assets/midi/krueger/haydn/haydn_33_3.mid	http://www.piano-midi.de/midis/haydn/haydn_33_3.mid	https://web.archive.org/web/20130406002111id_/http://piano-midi.de/midis/haydn/haydn_33_3.mid	FZECA2LMOAI62JRFTY7OZ6MBOA6EF2XN	19KB	CC-BY-SA-3.0-DE	site duration 3:57
krueger	required	tools/cache/midi/krueger/haydn_35_1.mid	app/src/main/assets/midi/krueger/haydn/haydn_35_1.mid	http://www.piano-midi.de/midis/haydn/haydn_35_1.mid	https://web.archive.org/web/20130430193621id_/http://piano-midi.de/midis/haydn/haydn_35_1.mid	QCGU6EXVO52BFMC6TS356546DKBOWGVS	37KB	CC-BY-SA-3.0-DE	site duration 5:37
krueger	required	tools/cache/midi/krueger/haydn_35_2.mid	app/src/main/assets/midi/krueger/haydn/haydn_35_2.mid	http://www.piano-midi.de/midis/haydn/haydn_35_2.mid	https://web.archive.org/web/20130430190800id_/http://piano-midi.de/midis/haydn/haydn_35_2.mid	SXJBR7SK75HPKKSESTTYH6ZY5OIX3JQO	20KB	CC-BY-SA-3.0-DE	site duration 6:35
krueger	required	tools/cache/midi/krueger/haydn_35_3.mid	app/src/main/assets/midi/krueger/haydn/haydn_35_3.mid	http://www.piano-midi.de/midis/haydn/haydn_35_3.mid	https://web.archive.org/web/20130430170500id_/http://piano-midi.de/midis/haydn/haydn_35_3.mid	TEIGERTZCWXY3JLOLLRD777V65S55GE7	16KB	CC-BY-SA-3.0-DE	site duration 2:24
krueger	required	tools/cache/midi/krueger/hay_40_1.mid	app/src/main/assets/midi/krueger/haydn/hay_40_1.mid	http://www.piano-midi.de/midis/haydn/hay_40_1.mid	https://web.archive.org/web/20130430182101id_/http://piano-midi.de/midis/haydn/hay_40_1.mid	ODAJBSW74V4NQJGARR7PPNRNZS3OBSBP	31KB	CC-BY-SA-3.0-DE	site duration 6:34
krueger	required	tools/cache/midi/krueger/hay_40_2.mid	app/src/main/assets/midi/krueger/haydn/hay_40_2.mid	http://www.piano-midi.de/midis/haydn/hay_40_2.mid	https://web.archive.org/web/20130430205652id_/http://piano-midi.de/midis/haydn/hay_40_2.mid	6PQWDGXQW4NG6XT2RBA7OOJ4CUTP2TWV	22KB	CC-BY-SA-3.0-DE	site duration 2:59
krueger	required	tools/cache/midi/krueger/haydn_43_1.mid	app/src/main/assets/midi/krueger/haydn/haydn_43_1.mid	http://www.piano-midi.de/midis/haydn/haydn_43_1.mid	https://web.archive.org/web/20130430222037id_/http://piano-midi.de/midis/haydn/haydn_43_1.mid	QTEH6YHV5G2HMZ2K4PLFNBIXTQKRULEJ	31KB	CC-BY-SA-3.0-DE	site duration 6:18
krueger	required	tools/cache/midi/krueger/haydn_43_2.mid	app/src/main/assets/midi/krueger/haydn/haydn_43_2.mid	http://www.piano-midi.de/midis/haydn/haydn_43_2.mid	https://web.archive.org/web/20130430163001id_/http://piano-midi.de/midis/haydn/haydn_43_2.mid	X3D47PFD2ZBUNXHXNKGS6Z5V3V2QNVBN	10KB	CC-BY-SA-3.0-DE	site duration 2:29
krueger	required	tools/cache/midi/krueger/haydn_43_3.mid	app/src/main/assets/midi/krueger/haydn/haydn_43_3.mid	http://www.piano-midi.de/midis/haydn/haydn_43_3.mid	https://web.archive.org/web/20121020045544id_/http://www.piano-midi.de/midis/haydn/haydn_43_3.mid	GIX37RVO24MUTSIQ2AV4T34CYNI7KOT4	25KB	CC-BY-SA-3.0-DE	site duration 5:07
krueger	required	tools/cache/midi/krueger/clementi_opus36_1_1.mid	app/src/main/assets/midi/krueger/clementi/clementi_opus36_1_1.mid	http://www.piano-midi.de/midis/clementi/clementi_opus36_1_1.mid	https://web.archive.org/web/20130508152609id_/http://piano-midi.de/midis/clementi/clementi_opus36_1_1.mid	TRGR4ZHK2ARLFN6CHPAQUV5FJF6ITDWB	12KB	CC-BY-SA-3.0-DE	site duration 1:31
krueger	required	tools/cache/midi/krueger/clementi_opus36_1_2.mid	app/src/main/assets/midi/krueger/clementi/clementi_opus36_1_2.mid	http://www.piano-midi.de/midis/clementi/clementi_opus36_1_2.mid	https://web.archive.org/web/20130508154142id_/http://piano-midi.de/midis/clementi/clementi_opus36_1_2.mid	E4TIAMLFW34UWWZEASAC4QVZTOPLCC5H	5KB	CC-BY-SA-3.0-DE	site duration 1:08
krueger	required	tools/cache/midi/krueger/clementi_opus36_1_3.mid	app/src/main/assets/midi/krueger/clementi/clementi_opus36_1_3.mid	http://www.piano-midi.de/midis/clementi/clementi_opus36_1_3.mid	https://web.archive.org/web/20130508180143id_/http://piano-midi.de/midis/clementi/clementi_opus36_1_3.mid	DLKNB6JQKNHHZMO3V2DUQQBKHAJFLI2H	6KB	CC-BY-SA-3.0-DE	site duration 0:56
krueger	required	tools/cache/midi/krueger/clementi_opus36_2_1.mid	app/src/main/assets/midi/krueger/clementi/clementi_opus36_2_1.mid	http://www.piano-midi.de/midis/clementi/clementi_opus36_2_1.mid	https://web.archive.org/web/20130508115336id_/http://piano-midi.de/midis/clementi/clementi_opus36_2_1.mid	32NW4WFXKHNOEOOOAKKOPOKFBJCJDW7A	15KB	CC-BY-SA-3.0-DE	site duration 2:00
krueger	required	tools/cache/midi/krueger/clementi_opus36_2_2.mid	app/src/main/assets/midi/krueger/clementi/clementi_opus36_2_2.mid	http://www.piano-midi.de/midis/clementi/clementi_opus36_2_2.mid	https://web.archive.org/web/20130508190728id_/http://piano-midi.de/midis/clementi/clementi_opus36_2_2.mid	U6AOWGQTIPW5RKVPW6DLHS3EKPVAOCTN	4KB	CC-BY-SA-3.0-DE	site duration 1:06
krueger	required	tools/cache/midi/krueger/clementi_opus36_2_3.mid	app/src/main/assets/midi/krueger/clementi/clementi_opus36_2_3.mid	http://www.piano-midi.de/midis/clementi/clementi_opus36_2_3.mid	https://web.archive.org/web/20130508164721id_/http://piano-midi.de/midis/clementi/clementi_opus36_2_3.mid	YZDMHEQ7HUGOSWOZ6UYMLB627ZEAM2EY	10KB	CC-BY-SA-3.0-DE	site duration 1:34
krueger	required	tools/cache/midi/krueger/clementi_opus36_3_1.mid	app/src/main/assets/midi/krueger/clementi/clementi_opus36_3_1.mid	http://www.piano-midi.de/midis/clementi/clementi_opus36_3_1.mid	https://web.archive.org/web/20130508165724id_/http://piano-midi.de/midis/clementi/clementi_opus36_3_1.mid	WEOC4DLSI2TM2UYF4NMS7IEA4U6DYEHE	18KB	CC-BY-SA-3.0-DE	site duration 2:54
krueger	required	tools/cache/midi/krueger/clementi_opus36_3_2.mid	app/src/main/assets/midi/krueger/clementi/clementi_opus36_3_2.mid	http://www.piano-midi.de/midis/clementi/clementi_opus36_3_2.mid	https://web.archive.org/web/20130508135349id_/http://piano-midi.de/midis/clementi/clementi_opus36_3_2.mid	MWKALLJHTERQYL2TE5JWV6C5IGALFHNG	4KB	CC-BY-SA-3.0-DE	site duration 1:28
krueger	required	tools/cache/midi/krueger/clementi_opus36_3_3.mid	app/src/main/assets/midi/krueger/clementi/clementi_opus36_3_3.mid	http://www.piano-midi.de/midis/clementi/clementi_opus36_3_3.mid	https://web.archive.org/web/20130508124108id_/http://piano-midi.de/midis/clementi/clementi_opus36_3_3.mid	AUWDLWTACXQNYMS7DPYTXX4QNCXMPJBS	9KB	CC-BY-SA-3.0-DE	site duration 1:28
krueger	required	tools/cache/midi/krueger/clementi_opus36_4_1.mid	app/src/main/assets/midi/krueger/clementi/clementi_opus36_4_1.mid	http://www.piano-midi.de/midis/clementi/clementi_opus36_4_1.mid	https://web.archive.org/web/20130508191351id_/http://piano-midi.de/midis/clementi/clementi_opus36_4_1.mid	QRBKHAY44RUWSWNBFSGTLJVOYRREMRVS	18KB	CC-BY-SA-3.0-DE	site duration 3:19
krueger	required	tools/cache/midi/krueger/clementi_opus36_4_2.mid	app/src/main/assets/midi/krueger/clementi/clementi_opus36_4_2.mid	http://www.piano-midi.de/midis/clementi/clementi_opus36_4_2.mid	https://web.archive.org/web/20130508120257id_/http://piano-midi.de/midis/clementi/clementi_opus36_4_2.mid	Z6CI76SVEJDBSVBHGPMO247CKDE7W6ZU	6KB	CC-BY-SA-3.0-DE	site duration 1:45
krueger	required	tools/cache/midi/krueger/clementi_opus36_4_3.mid	app/src/main/assets/midi/krueger/clementi/clementi_opus36_4_3.mid	http://www.piano-midi.de/midis/clementi/clementi_opus36_4_3.mid	https://web.archive.org/web/20130508140234id_/http://piano-midi.de/midis/clementi/clementi_opus36_4_3.mid	YWFEU5KBSUC534XXQDPBP5H5DBSKEQIJ	6KB	CC-BY-SA-3.0-DE	site duration 1:48
krueger	required	tools/cache/midi/krueger/clementi_opus36_5_1.mid	app/src/main/assets/midi/krueger/clementi/clementi_opus36_5_1.mid	http://www.piano-midi.de/midis/clementi/clementi_opus36_5_1.mid	https://web.archive.org/web/20130508135927id_/http://piano-midi.de/midis/clementi/clementi_opus36_5_1.mid	YKR5I26JDGMIGUUKVUT7OZPIYKL4RKSV	26KB	CC-BY-SA-3.0-DE	site duration 4:55
krueger	required	tools/cache/midi/krueger/clementi_opus36_5_2.mid	app/src/main/assets/midi/krueger/clementi/clementi_opus36_5_2.mid	http://www.piano-midi.de/midis/clementi/clementi_opus36_5_2.mid	https://web.archive.org/web/20130508170503id_/http://piano-midi.de/midis/clementi/clementi_opus36_5_2.mid	QRWNGKQOOBGDFLWREZ5ZMFBE4VQHTCNB	8KB	CC-BY-SA-3.0-DE	site duration 4:55
krueger	required	tools/cache/midi/krueger/clementi_opus36_5_3.mid	app/src/main/assets/midi/krueger/clementi/clementi_opus36_5_3.mid	http://www.piano-midi.de/midis/clementi/clementi_opus36_5_3.mid	https://web.archive.org/web/20130508182629id_/http://piano-midi.de/midis/clementi/clementi_opus36_5_3.mid	3DJPGVZHAZBISMIC5GOF6HQQIWAQNC4L	16KB	CC-BY-SA-3.0-DE	site duration 2:56
krueger	required	tools/cache/midi/krueger/clementi_opus36_6_1.mid	app/src/main/assets/midi/krueger/clementi/clementi_opus36_6_1.mid	http://www.piano-midi.de/midis/clementi/clementi_opus36_6_1.mid	https://web.archive.org/web/20110719072835id_/http://www.piano-midi.de/midis/clementi/clementi_opus36_6_1.mid	3L6CMD66X2ZEAYZLPU3KVMFA7VW7GRRD	32KB	CC-BY-SA-3.0-DE	site duration 5:21
krueger	required	tools/cache/midi/krueger/clementi_opus36_6_2.mid	app/src/main/assets/midi/krueger/clementi/clementi_opus36_6_2.mid	http://www.piano-midi.de/midis/clementi/clementi_opus36_6_2.mid	https://web.archive.org/web/20110808193302id_/http://piano-midi.de/midis/clementi/clementi_opus36_6_2.mid	QR4MXGLLYBWV4CMQPSQWZRX2RULX35WR	15KB	CC-BY-SA-3.0-DE	site duration 2:17
licence	required	tools/cache/licences/CC-BY-SA-3.0-DE.txt	app/src/main/assets/licenses/CC-BY-SA-3.0-DE.txt	https://creativecommons.org/licenses/by-sa/3.0/de/legalcode.txt	https://creativecommons.org/licenses/by-sa/3.0/de/legalcode			CC-BY-SA-3.0-DE	if .txt 404s, fetch the HTML legalcode and store its text content
licence	required	tools/cache/licences/CC-BY-SA-4.0.txt	app/src/main/assets/licenses/CC-BY-SA-4.0.txt	https://creativecommons.org/licenses/by-sa/4.0/legalcode.txt				CC-BY-SA-4.0	Gouin (IMSLP)
licence	required	tools/cache/licences/CC-BY-SA-3.0.txt	app/src/main/assets/licenses/CC-BY-SA-3.0.txt	https://creativecommons.org/licenses/by-sa/3.0/legalcode.txt				CC-BY-SA-3.0	Nieb (Commons)
licence	required	tools/cache/licences/CC-BY-3.0.txt	app/src/main/assets/licenses/CC-BY-3.0.txt	https://creativecommons.org/licenses/by/3.0/legalcode.txt				CC-BY-3.0	Salamander Grand Piano V3
licence	required	tools/cache/licences/CC0-1.0.txt	app/src/main/assets/licenses/CC0-1.0.txt	https://creativecommons.org/publicdomain/zero/1.0/legalcode.txt				CC0-1.0	VCSL, VSCO-2 CE, Bednarek
