zip	entry	movement_id	title
misc1.zip	BWV992.MID	bach.bwv992.1	Capriccio (complete)
910-916.zip	BWV914.MID	bach.bwv914.1	Toccata (complete)
772-786.zip	BWV772.MID	bach.bwv772-786.1	No. 1 in C major, BWV 772
772-786.zip	BWV773.MID	bach.bwv772-786.2	No. 2 in C minor, BWV 773
772-786.zip	BWV774.MID	bach.bwv772-786.3	No. 3 in D major, BWV 774
772-786.zip	BWV775.MID	bach.bwv772-786.4	No. 4 in D minor, BWV 775
772-786.zip	BWV776.MID	bach.bwv772-786.5	No. 5 in E-flat major, BWV 776
772-786.zip	BWV777.MID	bach.bwv772-786.6	No. 6 in E major, BWV 777
772-786.zip	BWV778.MID	bach.bwv772-786.7	No. 7 in E minor, BWV 778
772-786.zip	BWV779.MID	bach.bwv772-786.8	No. 8 in F major, BWV 779
772-786.zip	BWV780.MID	bach.bwv772-786.9	No. 9 in F minor, BWV 780
772-786.zip	BWV781.MID	bach.bwv772-786.10	No. 10 in G major, BWV 781
772-786.zip	BWV782.MID	bach.bwv772-786.11	No. 11 in G minor, BWV 782
772-786.zip	BWV783.MID	bach.bwv772-786.12	No. 12 in A major, BWV 783
772-786.zip	BWV784.MID	bach.bwv772-786.13	No. 13 in A minor, BWV 784
772-786.zip	BWV785.MID	bach.bwv772-786.14	No. 14 in B-flat major, BWV 785
772-786.zip	BWV786.MID	bach.bwv772-786.15	No. 15 in B minor, BWV 786
787-801.zip	BWV787.MID	bach.bwv787-801.1	No. 1 in C major, BWV 787
787-801.zip	BWV788.MID	bach.bwv787-801.2	No. 2 in C minor, BWV 788
787-801.zip	BWV789.MID	bach.bwv787-801.3	No. 3 in D major, BWV 789
787-801.zip	BWV790.MID	bach.bwv787-801.4	No. 4 in D minor, BWV 790
787-801.zip	BWV791.MID	bach.bwv787-801.5	No. 5 in E-flat major, BWV 791
787-801.zip	BWV792.MID	bach.bwv787-801.6	No. 6 in E major, BWV 792
787-801.zip	BWV793.MID	bach.bwv787-801.7	No. 7 in E minor, BWV 793
787-801.zip	BWV794.MID	bach.bwv787-801.8	No. 8 in F major, BWV 794
787-801.zip	BWV795.MID	bach.bwv787-801.9	No. 9 in F minor, BWV 795
787-801.zip	BWV796.MID	bach.bwv787-801.10	No. 10 in G major, BWV 796
787-801.zip	BWV797.MID	bach.bwv787-801.11	No. 11 in G minor, BWV 797
787-801.zip	BWV798.MID	bach.bwv787-801.12	No. 12 in A major, BWV 798
787-801.zip	BWV799.MID	bach.bwv787-801.13	No. 13 in A minor, BWV 799
787-801.zip	BWV800.MID	bach.bwv787-801.14	No. 14 in B-flat major, BWV 800
787-801.zip	BWV801.MID	bach.bwv787-801.15	No. 15 in B minor, BWV 801
846-869.zip	bwv846.mid	bach.wtc1.sankey.1	No. 1 in C major, BWV 846
846-869.zip	bwv847.mid	bach.wtc1.sankey.2	No. 2 in C minor, BWV 847
846-869.zip	bwv848.mid	bach.wtc1.sankey.3	No. 3 in C-sharp major, BWV 848
846-869.zip	bwv849.mid	bach.wtc1.sankey.4	No. 4 in C-sharp minor, BWV 849
846-869.zip	bwv850.mid	bach.wtc1.sankey.5	No. 5 in D major, BWV 850
846-869.zip	bwv851.mid	bach.wtc1.sankey.6	No. 6 in D minor, BWV 851
846-869.zip	bwv852.mid	bach.wtc1.sankey.7	No. 7 in E-flat major, BWV 852
846-869.zip	bwv853.mid	bach.wtc1.sankey.8	No. 8 in E-flat minor, BWV 853
846-869.zip	bwv854.mid	bach.wtc1.sankey.9	No. 9 in E major, BWV 854
846-869.zip	bwv855.mid	bach.wtc1.sankey.10	No. 10 in E minor, BWV 855
846-869.zip	bwv856.mid	bach.wtc1.sankey.11	No. 11 in F major, BWV 856
846-869.zip	bwv857.mid	bach.wtc1.sankey.12	No. 12 in F minor, BWV 857
846-869.zip	bwv858.mid	bach.wtc1.sankey.13	No. 13 in F-sharp major, BWV 858
846-869.zip	bwv859.mid	bach.wtc1.sankey.14	No. 14 in F-sharp minor, BWV 859
846-869.zip	bwv860.mid	bach.wtc1.sankey.15	No. 15 in G major, BWV 860
846-869.zip	bwv861.mid	bach.wtc1.sankey.16	No. 16 in G minor, BWV 861
846-869.zip	bwv862.mid	bach.wtc1.sankey.17	No. 17 in A-flat major, BWV 862
846-869.zip	bwv863.mid	bach.wtc1.sankey.18	No. 18 in G-sharp minor, BWV 863
846-869.zip	bwv864.mid	bach.wtc1.sankey.19	No. 19 in A major, BWV 864
846-869.zip	bwv865.mid	bach.wtc1.sankey.20	No. 20 in A minor, BWV 865
846-869.zip	bwv866.mid	bach.wtc1.sankey.21	No. 21 in B-flat major, BWV 866
846-869.zip	bwv867.mid	bach.wtc1.sankey.22	No. 22 in B-flat minor, BWV 867
846-869.zip	bwv868.mid	bach.wtc1.sankey.23	No. 23 in B major, BWV 868
846-869.zip	bwv869.mid	bach.wtc1.sankey.24	No. 24 in B minor, BWV 869
870-881.zip	bwv870.mid	bach.wtc2.sankey.1	No. 1 in C major, BWV 870
870-881.zip	bwv871.mid	bach.wtc2.sankey.2	No. 2 in C minor, BWV 871
870-881.zip	bwv872.mid	bach.wtc2.sankey.3	No. 3 in C-sharp major, BWV 872
870-881.zip	bwv873.mid	bach.wtc2.sankey.4	No. 4 in C-sharp minor, BWV 873
870-881.zip	bwv874.mid	bach.wtc2.sankey.5	No. 5 in D major, BWV 874
870-881.zip	bwv875.mid	bach.wtc2.sankey.6	No. 6 in D minor, BWV 875
870-881.zip	bwv876.mid	bach.wtc2.sankey.7	No. 7 in E-flat major, BWV 876
870-881.zip	bwv877.mid	bach.wtc2.sankey.8	No. 8 in E-flat minor, BWV 877
870-881.zip	bwv878.mid	bach.wtc2.sankey.9	No. 9 in E major, BWV 878
870-881.zip	bwv879.mid	bach.wtc2.sankey.10	No. 10 in E minor, BWV 879
870-881.zip	bwv880.mid	bach.wtc2.sankey.11	No. 11 in F major, BWV 880
870-881.zip	bwv881.mid	bach.wtc2.sankey.12	No. 12 in F minor, BWV 881
812-817.zip	bwv816.mid	bach.bwv816.1	Suite (complete)
806-811.zip	bwv807.mid	bach.bwv807.1	Suite (complete)
825-830.zip	BWV825.MID	bach.bwv825.1	Partita (complete)
825-830.zip	BWV826.MID	bach.bwv826.1	Partita (complete)
972-987.zip	BWV974.MID	bach.bwv974.1	Concerto (complete)
misc3.zip	bwv903.mid	bach.bwv903.1	Fantasia and Fugue
bwv988.zip	BWV988.MID	bach.bwv988.1	Aria and thirty variations
scarlatti.zip	K001.MID	scarlatti.k001.1	Sonata
scarlatti.zip	K009.MID	scarlatti.k009.1	Sonata
scarlatti.zip	K027.MID	scarlatti.k027.1	Sonata
scarlatti.zip	K087.MID	scarlatti.k087.1	Sonata
scarlatti.zip	K096.MID	scarlatti.k096.1	Sonata
scarlatti.zip	K141.MID	scarlatti.k141.1	Sonata
scarlatti.zip	K159.MID	scarlatti.k159.1	Sonata
scarlatti.zip	K208.MID	scarlatti.k208.1	Sonata
scarlatti.zip	K380.MID	scarlatti.k380.1	Sonata
scarlatti.zip	K466.MID	scarlatti.k466.1	Sonata
