t_s,battery_c,thermal_status,q,cpu_ms_hkaudio,cpu_ms_gl,cpu_ms_prefetch,cpu_ms_voicer,cpu_ms_main,fps,late_frames,underruns,headroom_min,majflt,brightness,movement,position_ms,plan
0,24.0,0,0,340,1290,0,80,810,10.0,1,0,0,0,-1.00,none,-400,therm30
10,24.0,0,0,5750,2370,110,80,1250,30.0,2,0,4160,0,-1.00,none,9445,therm30
20,24.0,0,0,11690,3440,230,80,1660,30.0,2,0,5125,0,-1.00,none,19458,therm30
30,24.0,0,0,17410,4580,370,80,2070,30.0,3,0,5122,0,-1.00,none,29473,therm30
40,24.0,0,0,23590,5560,490,80,2450,30.0,3,0,5117,0,-1.00,none,39486,therm30
50,24.0,0,0,29670,6620,610,80,2820,30.0,3,0,5127,0,-1.00,none,49503,therm30
60,24.0,0,0,35700,7680,730,80,3210,30.0,3,0,5120,0,-1.00,none,59518,therm30
70,24.0,0,0,41700,8760,840,80,3590,30.0,3,0,5101,0,-1.00,none,69529,therm30
80,24.0,0,0,47340,9890,950,80,4000,30.0,4,0,5120,0,-1.00,none,79542,therm30
90,24.0,0,0,53090,10980,1050,80,4390,30.0,4,0,5118,0,-1.00,none,89553,therm30
100,24.0,0,0,58980,12060,1150,80,4780,30.0,4,0,5109,0,-1.00,none,99565,therm30
110,24.0,0,0,64430,13260,1250,80,5190,30.0,4,0,5092,0,-1.00,none,109580,therm30
120,24.0,0,0,70390,14320,1360,80,5580,30.0,4,0,5102,0,-1.00,none,119592,therm30
130,24.0,0,0,76650,15320,1480,80,5940,30.0,4,0,5035,0,-1.00,none,129601,therm30
140,24.0,0,0,82550,16410,1600,80,6330,30.0,4,0,5119,0,-1.00,none,139615,therm30
150,24.0,0,0,88380,17560,1700,80,6720,30.0,4,0,5105,0,-1.00,none,149632,therm30
160,24.0,0,0,94090,18700,1810,80,7130,30.0,5,0,5066,0,-1.00,none,159647,therm30
170,24.0,0,0,99980,19860,1960,80,7540,30.0,5,0,5117,0,-1.00,none,169664,therm30
180,24.0,0,0,106120,20910,2080,80,7930,30.0,6,0,5123,0,-1.00,none,179677,therm30
190,24.0,0,0,112120,21990,2190,80,8310,30.0,6,0,5124,0,-1.00,none,189691,therm30
200,24.0,0,0,117940,23050,2300,80,8680,30.0,6,0,5067,0,-1.00,none,199702,therm30
210,24.0,0,0,123780,24090,2420,80,9050,30.0,6,0,5129,0,-1.00,none,209715,therm30
220,24.0,0,0,129390,25210,2520,80,9440,30.0,6,0,5125,0,-1.00,none,219728,therm30
230,24.0,0,0,135150,26320,2630,80,9820,30.0,6,0,5117,0,-1.00,none,229742,therm30
240,24.0,0,0,141020,27390,2730,80,10210,30.0,6,0,5087,0,-1.00,none,239757,therm30
250,24.0,0,0,146390,28560,2830,80,10610,30.0,6,0,5124,0,-1.00,none,249775,therm30
260,24.0,0,0,152260,29620,2930,80,10990,30.0,6,0,5129,0,-1.00,none,259788,therm30
270,24.0,0,0,158390,30630,3050,80,11360,30.0,6,0,5127,0,-1.00,none,269802,therm30
280,24.0,0,0,164260,31680,3170,80,11740,30.0,6,0,5130,0,-1.00,none,279819,therm30
290,24.0,0,0,169710,32890,3270,80,12160,30.0,7,0,5102,0,-1.00,none,289833,therm30
300,24.0,0,0,175280,34070,3350,80,12570,30.0,7,0,5124,0,-1.00,none,299853,therm30
310,24.0,0,0,179750,35750,3420,80,13020,30.0,9,0,5123,0,-1.00,none,309872,therm30
320,24.0,0,0,185150,37130,3530,80,13440,30.0,9,0,5110,0,-1.00,none,319883,therm30
330,24.0,0,0,190810,38470,3650,80,13840,30.0,10,0,5127,0,-1.00,none,329895,therm30
340,24.0,0,0,196390,39800,3760,80,14240,30.0,10,0,5117,0,-1.00,none,339907,therm30
350,24.0,0,0,201770,41200,3860,80,14650,30.0,10,0,5111,0,-1.00,none,349916,therm30
360,24.0,0,0,208110,42480,4000,80,15040,30.0,10,0,5115,0,-1.00,none,359928,therm30
370,24.0,0,0,213910,43790,4130,80,15430,30.0,10,0,0,0,-1.00,none,369940,therm30
380,24.0,0,0,219180,45270,4220,80,15870,30.0,10,0,5118,0,-1.00,none,379952,therm30
390,24.0,0,0,224650,46690,4330,80,16290,30.0,11,0,5123,0,-1.00,none,389969,therm30
400,24.0,0,0,230310,48000,4460,80,16690,30.0,11,0,5117,0,-1.00,none,399987,therm30
410,24.0,0,0,235620,49460,4570,80,17130,30.0,12,0,5128,0,-1.00,none,410000,therm30
420,24.0,0,0,241240,50790,4710,80,17530,30.0,12,0,5085,0,-1.00,none,420009,therm30
430,24.0,0,0,246830,52110,4850,80,17920,30.0,12,0,5124,0,-1.00,none,430022,therm30
440,24.0,0,0,252420,53430,4940,80,18320,30.0,13,0,5120,0,-1.00,none,440036,therm30
450,24.0,0,0,258070,54710,5040,80,18710,30.0,13,0,5105,0,-1.00,none,450050,therm30
460,24.0,0,0,263950,55950,5140,80,19090,30.0,13,0,5131,0,-1.00,none,460061,therm30
470,24.0,0,0,269690,57200,5240,80,19470,29.9,13,0,5102,0,-1.00,none,470079,therm30
480,24.0,0,0,275230,58530,5350,80,19870,30.0,13,0,4732,0,-1.00,none,480093,therm30
490,24.0,0,0,281010,59810,5450,80,20250,30.0,14,0,5123,0,-1.00,none,490110,therm30
500,24.0,0,0,286940,61040,5540,80,20630,30.0,14,0,5099,0,-1.00,none,500127,therm30
510,24.0,0,0,292470,62420,5650,80,21040,30.0,15,0,5091,0,-1.00,none,510142,therm30
520,24.0,0,0,298330,63680,5750,80,21430,30.0,15,0,5120,0,-1.00,none,520156,therm30
530,24.0,0,0,304690,64830,5890,80,21780,30.0,16,0,5125,0,-1.00,none,530168,therm30
540,24.0,0,0,310820,65940,6020,80,22140,30.0,16,0,5097,0,-1.00,none,540180,therm30
550,24.0,0,0,316870,67070,6140,80,22490,30.0,16,0,5105,0,-1.00,none,550190,therm30
560,24.0,0,0,323440,68370,6280,80,22870,30.0,17,0,5126,0,-1.00,none,560208,therm30
570,24.0,0,0,328750,69800,6380,80,23300,30.0,17,0,5114,0,-1.00,none,570219,therm30
580,24.0,0,0,333910,71250,6510,80,23720,30.0,17,0,5122,0,-1.00,none,580234,therm30
590,24.0,0,0,339260,72660,6620,80,24140,30.0,17,0,5128,0,-1.00,none,590243,therm30
600,24.0,0,0,341900,73690,6660,80,24560,10.1,17,0,5098,0,-1.00,none,595168,therm30
610,24.0,0,0,342190,74340,6660,80,25010,10.0,17,0,5115,0,-1.00,none,595168,therm30
620,24.0,0,0,342190,74930,6660,80,25470,10.0,17,0,5115,0,-1.00,none,595168,therm30
630,24.0,0,0,342190,75450,6660,80,25920,10.0,18,0,5115,0,-1.00,none,595168,therm30
640,24.0,0,0,342190,75930,6660,80,26390,10.0,18,0,5115,0,-1.00,none,595168,therm30
650,24.0,0,0,342190,76420,6660,80,26850,10.0,18,0,5115,0,-1.00,none,595168,therm30
660,24.0,0,0,342200,76910,6660,80,27300,10.0,18,0,5115,0,-1.00,none,595168,therm30
670,24.0,0,0,347490,78010,6770,80,27710,30.0,18,0,5115,0,-1.00,none,9495,therm30
680,24.0,0,0,352460,79310,6880,80,28170,30.0,19,0,-1073,0,-1.00,none,19510,therm30
691,24.0,0,0,357540,80600,6990,80,28610,30.0,19,0,5109,0,-1.00,none,29526,therm30
701,24.0,0,0,362430,81930,7090,80,29050,30.0,20,0,5123,0,-1.00,none,39537,therm30
711,24.0,0,0,368250,83000,7230,80,29440,30.0,20,0,5131,0,-1.00,none,49545,therm30
721,24.0,0,0,374140,84020,7380,80,29800,30.0,20,0,5131,0,-1.00,none,59563,therm30
731,24.0,0,0,379570,85180,7500,80,30200,30.0,21,0,5124,0,-1.00,none,69574,therm30
741,24.0,0,0,385630,86190,7620,80,30560,30.0,21,0,5117,0,-1.00,none,79586,therm30
751,24.0,0,0,391430,87300,7760,80,30950,30.0,21,0,0,0,-1.00,none,89606,therm30
761,24.0,0,0,396670,88580,7880,80,31400,30.0,21,0,5112,0,-1.00,none,99619,therm30
771,24.0,0,0,401470,89920,7980,80,31840,30.0,21,0,5103,0,-1.00,none,109636,therm30
781,24.0,0,0,406490,91250,8080,80,32290,30.0,21,0,5119,0,-1.00,none,119653,therm30
791,24.0,0,0,410840,92690,8150,80,32750,30.0,21,0,5118,0,-1.00,none,129670,therm30
801,24.0,0,0,415460,94010,8240,80,33190,30.0,21,0,5122,0,-1.00,none,139687,therm30
811,24.0,0,0,415980,94550,8240,80,33640,10.0,21,0,5121,0,-1.00,none,139845,therm30
821,24.0,0,0,416010,95040,8240,80,34070,10.0,21,0,5121,0,-1.00,none,139845,therm30
831,24.0,0,0,416010,95520,8240,80,34540,10.0,21,0,5121,0,-1.00,none,139845,therm30
841,24.0,0,0,416010,96000,8240,80,34990,10.0,21,0,5121,0,-1.00,none,139845,therm30
851,24.0,0,0,421430,97080,8310,80,35410,30.0,21,0,5121,0,-1.00,none,9478,therm30
861,24.0,0,0,426750,98320,8410,80,35860,30.0,21,0,-690,0,-1.00,none,19494,therm30
871,24.0,0,0,432070,99560,8510,80,36300,30.0,21,0,5070,0,-1.00,none,29509,therm30
881,24.0,0,0,437460,100810,8620,80,36730,30.0,21,0,5124,0,-1.00,none,39526,therm30
891,24.0,0,0,442810,102040,8720,80,37190,30.0,21,0,5088,0,-1.00,none,49541,therm30
901,24.0,0,0,447930,103340,8800,80,37630,30.0,22,0,5088,0,-1.00,none,59561,therm30
911,24.0,0,0,452960,104880,8890,80,38100,30.0,22,0,5108,0,-1.00,none,69581,therm30
921,24.0,0,0,458480,106270,8980,80,38500,30.0,22,0,5121,0,-1.00,none,79596,therm30
931,24.0,0,0,464060,107620,9060,80,38900,30.0,22,0,5117,0,-1.00,none,89611,therm30
941,24.0,0,0,469510,109060,9140,80,39320,30.0,22,0,5126,0,-1.00,none,99626,therm30
951,24.0,0,0,475010,110460,9220,80,39730,30.0,22,0,5117,0,-1.00,none,109637,therm30
961,24.0,0,0,480820,111750,9320,80,40090,30.0,23,0,5128,0,-1.00,none,119654,therm30
971,24.0,0,0,486790,113010,9420,80,40470,30.0,23,0,5112,0,-1.00,none,129673,therm30
981,24.0,0,0,492630,114280,9510,80,40850,30.0,24,0,5124,0,-1.00,none,139689,therm30
991,24.0,0,0,497910,115620,9580,80,41250,30.0,24,0,5032,0,-1.00,none,149704,therm30
1001,24.0,0,0,503450,117010,9670,80,41650,30.0,25,0,5088,0,-1.00,none,159721,therm30
1011,24.0,0,0,508950,118320,9770,80,42040,30.0,25,0,5069,0,-1.00,none,169734,therm30
1021,24.0,0,0,514660,119700,9860,80,42440,30.0,25,0,5124,0,-1.00,none,179747,therm30
1031,24.0,0,0,520220,121060,9950,80,42830,30.0,25,0,5116,0,-1.00,none,189761,therm30
1041,24.0,0,0,525950,122440,10040,80,43220,30.0,25,0,5115,0,-1.00,none,199781,therm30
1051,24.0,0,0,531720,123740,10140,80,43610,30.0,25,0,5126,0,-1.00,none,209795,therm30
1061,24.0,0,0,537600,125050,10220,80,44000,30.0,26,0,5129,0,-1.00,none,219810,therm30
1071,24.0,0,0,543210,126380,10310,80,44390,30.0,26,0,5123,0,-1.00,none,229823,therm30
1081,24.0,0,0,548970,127690,10410,80,44770,30.0,27,0,5108,0,-1.00,none,239842,therm30
1091,24.0,0,0,554550,129120,10480,80,45170,30.0,27,0,5125,0,-1.00,none,249857,therm30
1101,24.0,0,0,560040,130540,10550,80,45570,30.0,27,0,5078,0,-1.00,none,259872,therm30
1111,24.0,0,0,565580,131930,10620,80,45970,30.0,28,0,5128,0,-1.00,none,269884,therm30
1121,24.0,0,0,571230,133310,10700,80,46360,30.0,28,0,5116,0,-1.00,none,279897,therm30
1131,24.0,0,0,576920,134660,10790,80,46740,30.0,28,0,5114,0,-1.00,none,289911,therm30
1141,24.0,0,0,582490,136100,10880,80,47140,30.0,29,0,5128,0,-1.00,none,299925,therm30
1151,24.0,0,0,588260,137440,10970,80,47530,30.0,29,0,5124,0,-1.00,none,309935,therm30
1161,24.0,0,0,593720,138840,11040,80,47930,30.0,29,0,5089,0,-1.00,none,319948,therm30
1171,24.0,0,0,599290,140230,11130,80,48320,30.0,30,0,5057,0,-1.00,none,329966,therm30
1181,24.0,0,0,604900,141620,11200,80,48710,30.0,30,0,5126,0,-1.00,none,339981,therm30
1191,24.0,0,0,610630,142940,11290,80,49090,30.0,30,0,5131,0,-1.00,none,349995,therm30
1201,24.0,0,0,616530,144240,11380,80,49460,30.0,31,0,5120,0,-1.00,none,360008,therm30
1211,24.0,0,0,622370,145350,11470,80,49830,30.0,31,0,5130,0,-1.00,none,370017,therm30
1221,24.0,0,0,628140,146480,11560,80,50200,30.0,31,0,5127,0,-1.00,none,380031,therm30
1231,24.0,0,0,633970,147580,11650,80,50570,30.0,32,0,5103,0,-1.00,none,390048,therm30
1241,24.0,0,0,639850,148670,11740,80,50940,30.0,32,0,5081,0,-1.00,none,400057,therm30
1251,24.0,0,0,645700,149790,11840,80,51310,30.0,32,0,5120,0,-1.00,none,410076,therm30
1261,24.0,0,0,650870,151090,11940,80,51740,30.0,32,0,5121,0,-1.00,none,420094,therm30
1271,24.0,0,0,656440,152300,12030,80,52140,30.0,33,0,5122,0,-1.00,none,430108,therm30
1281,24.0,0,0,662180,153410,12130,80,52520,30.0,33,0,5128,0,-1.00,none,440128,therm30
1291,24.0,0,0,667780,154600,12200,80,52920,30.0,34,0,5121,0,-1.00,none,450144,therm30
1301,24.0,0,0,673850,155680,12300,80,53280,30.0,34,0,5094,0,-1.00,none,460158,therm30
1311,24.0,0,0,679720,156730,12400,80,53630,30.0,34,0,5127,0,-1.00,none,470170,therm30
1321,24.0,0,0,685720,157780,12500,80,54000,30.0,34,0,5129,0,-1.00,none,480183,therm30
1331,24.0,0,0,691760,158870,12620,80,54370,30.0,34,0,5132,0,-1.00,none,490198,therm30
1341,24.0,0,0,697340,160040,12720,80,54760,30.0,35,0,5109,0,-1.00,none,500211,therm30
1352,24.0,0,0,702850,161210,12820,80,55160,30.0,35,0,5121,0,-1.00,none,510229,therm30
1362,24.0,0,0,707800,162440,12890,80,55560,30.0,36,0,5124,0,-1.00,none,520248,therm30
1372,24.0,0,0,713450,163600,12980,80,55960,30.0,36,0,5121,0,-1.00,none,530263,therm30
1382,24.0,0,0,719190,164780,13070,80,56340,30.0,37,0,5117,0,-1.00,none,540284,therm30
1392,24.0,0,0,724980,165890,13150,80,56730,30.0,37,0,5112,0,-1.00,none,550297,therm30
1402,24.0,0,0,730850,166980,13250,80,57100,30.0,38,0,5126,0,-1.00,none,560307,therm30
1412,24.0,0,0,736600,168140,13330,80,57480,30.0,38,0,5107,0,-1.00,none,570322,therm30
1422,24.0,0,0,742350,169280,13420,80,57870,30.0,38,0,5129,0,-1.00,none,580337,therm30
1432,24.0,0,0,747870,170490,13480,80,58260,30.0,39,0,5119,0,-1.00,none,590351,therm30
1442,24.0,0,0,753400,171670,13570,80,58650,30.0,39,0,5121,0,-1.00,none,600365,therm30
1452,24.0,0,0,759080,172800,13650,80,59030,30.0,40,0,5120,0,-1.00,none,610379,therm30
1462,24.0,0,0,764220,174070,13710,80,59440,30.0,40,0,5106,0,-1.00,none,620398,therm30
1472,24.0,0,0,769850,175280,13790,80,59860,30.0,41,0,5110,0,-1.00,none,630411,therm30
1482,24.0,0,0,775490,176420,13870,80,60240,30.0,41,0,5049,0,-1.00,none,640426,therm30
1492,24.0,0,0,781320,177530,13960,80,60610,30.0,41,0,5124,0,-1.00,none,650435,therm30
1502,24.0,0,0,787130,178610,14060,80,60980,30.0,41,0,5129,0,-1.00,none,660450,therm30
1512,24.0,0,0,792680,179980,14150,80,61380,30.0,41,0,5112,0,-1.00,none,670468,therm30
1522,24.0,0,0,798470,181290,14250,80,61760,30.0,42,0,5126,0,-1.00,none,680483,therm30
1532,24.0,0,0,803910,182650,14330,80,62170,30.0,42,0,5105,0,-1.00,none,690492,therm30
1542,24.0,0,0,809520,183980,14420,80,62550,30.0,42,0,5125,0,-1.00,none,700505,therm30
1552,24.0,0,0,815450,185180,14520,80,62910,30.0,43,0,5118,0,-1.00,none,710518,therm30
1562,24.0,0,0,821330,186410,14610,80,63270,30.0,43,0,5130,0,-1.00,none,720533,therm30
1572,24.0,0,0,826960,187700,14680,80,63650,30.0,44,0,5123,0,-1.00,none,730552,therm30
1582,24.0,0,0,832480,189070,14760,80,64070,30.0,44,0,5116,0,-1.00,none,740566,therm30
1592,24.0,0,0,837990,190440,14820,80,64470,30.0,45,0,5054,0,-1.00,none,750584,therm30
1602,24.0,0,0,843660,191760,14880,80,64870,30.0,45,0,5102,0,-1.00,none,760596,therm30
1612,24.0,0,0,846070,192700,14890,80,65280,10.0,45,0,5065,0,-1.00,none,764293,therm30
1622,24.0,0,0,846200,193320,14890,80,65710,10.0,45,0,5065,0,-1.00,none,764293,therm30
1632,24.0,0,0,846200,193970,14900,80,66170,10.0,45,0,5065,0,-1.00,none,764293,therm30
1642,24.0,0,0,846200,194580,14900,80,66630,10.0,45,0,5065,0,-1.00,none,764293,therm30
1652,24.0,0,0,846200,195190,14900,80,67070,10.0,45,0,5065,0,-1.00,none,764293,therm30
1662,24.0,0,0,846200,195800,14900,80,67520,10.0,45,0,5065,0,-1.00,none,764293,therm30
1672,24.0,0,0,846200,196420,14900,80,67970,10.0,45,0,5065,0,-1.00,none,764293,therm30
1682,24.0,0,0,846200,197030,14900,80,68410,10.0,45,0,5065,0,-1.00,none,764293,therm30
1692,24.0,0,0,846200,197660,14900,80,68870,10.0,46,0,5065,0,-1.00,none,764293,therm30
1702,24.0,0,0,846200,198280,14900,80,69320,10.0,46,0,5065,0,-1.00,none,764293,therm30
1712,24.0,0,0,846200,198900,14900,80,69770,10.0,46,0,5065,0,-1.00,none,764293,therm30
1722,24.0,0,0,846200,199510,14900,80,70230,10.0,46,0,5065,0,-1.00,none,764293,therm30
1732,24.0,0,0,846200,200130,14900,80,70680,10.0,46,0,5065,0,-1.00,none,764293,therm30
1742,24.0,0,0,846200,200790,14900,80,71140,10.0,46,0,5065,0,-1.00,none,764293,therm30
1752,24.0,0,0,851420,202070,14950,80,71550,30.0,47,0,5065,0,-1.00,none,9456,therm30
1762,24.0,0,0,856200,203580,15020,80,72000,30.0,47,0,-910,0,-1.00,none,19475,therm30
1772,24.0,0,0,861060,205070,15090,80,72440,30.0,47,0,5119,0,-1.00,none,29493,therm30
1782,24.0,0,0,865540,206630,15160,80,72890,30.0,47,0,5113,0,-1.00,none,39513,therm30
1792,24.0,0,0,870490,208140,15250,80,73350,30.0,47,0,5100,0,-1.00,none,49529,therm30
1802,24.0,0,0,875510,209620,15330,80,73780,30.0,47,0,5100,0,-1.00,none,59541,therm30
1812,24.0,0,0,879870,211230,15380,80,74230,30.0,48,0,5106,0,-1.00,none,69558,therm30
1822,24.0,0,0,884840,212740,15450,80,74670,30.0,48,0,5120,0,-1.00,none,79576,therm30
1832,24.0,0,0,889410,214370,15520,80,75120,30.0,49,0,5121,0,-1.00,none,89596,therm30
1842,24.0,0,0,893520,216010,15580,80,75580,30.0,49,0,5086,0,-1.00,none,99611,therm30
1852,24.0,0,0,898130,217490,15650,80,76010,30.0,49,0,5116,0,-1.00,none,109623,therm30
1862,24.0,0,0,904130,218710,15760,80,76380,30.0,50,0,5130,0,-1.00,none,119644,therm30
1872,24.0,0,0,908360,220400,15830,80,76830,30.0,50,0,5115,0,-1.00,none,129663,therm30
1882,24.0,0,0,912860,221990,15910,80,77280,30.0,50,0,5117,0,-1.00,none,139682,therm30
